"rating_film","total_revenue","persentase_revenue"
PG-13,15140.5699999993,22.6355724812632
NC-17,13761.5099999994,20.5738394959125
PG,13239.2299999994,19.793016396418
R,13187.4799999994,19.7156487097387
G,11559.5999999995,17.2819229166676
