"rating_film","total_revenue"
PG-13,15259.1599999993
NC-17,13875.0699999994
PG,13337.9099999994
R,13270.1899999994
G,11664.2299999995
