"Genre","Total Pendapatan ($)"
Sports,5273.35999999985
Sci-Fi,4726.06999999987
Animation,4589.54999999987
Drama,4557.46999999988
Comedy,4357.6799999999
New,4320.7299999999
Action,4320.04999999987
Foreign,4245.77999999989
Games,4241.4499999999
Documentary,4205.56999999989
Family,4196.16999999988
Horror,3688.65999999992
Children,3639.60999999992
Classics,3614.69999999992
Travel,3518.72999999993
Music,3392.80999999993
